{
  "step": 10,
  "metrics": {
    "step": 10,
    "train_loss": 0.2849754486472449,
    "train_reward": 0.37949950560808277,
    "eval_reward": 0.28864773711956637,
    "lr": 2.85e-06,
    "batch_size": 4,
    "avg_batch_reward": 0.9
  },
  "config": {
    "n_boxes": 10,
    "n_swaps": 20,
    "batch_size": 4,
    "learning_rate": 3e-06
  }
}